Model,Accuracy,F1-macro
Random Forest,0.6774193548387096,0.6761904761904761
Logistic Regression,0.5161290322580645,0.5112022480443533
Neural Network (MLP),0.41935483870967744,0.4227357609710551
